{
	"music.fjord": {
		"sounds": [
			"music/fjord"
		]
	},
	"music.fjordremaster": {
		"sounds": [
			"music/fjordremaster"
		]
	},
	"music.hl2stalker": {
		"sounds": [
			"music/hl2stalker"
		]
	},
	"music.rakebloodhour096": {
		"sounds": [
			"music/rakebloodhour096"
		]
	},
	"music.rakescreech1": {
		"sounds": [
			"music/rakescreech1"
		]
	},
	"music.rakescreech2": {
		"sounds": [
			"music/rakescreech2"
		]
	},
	"music.rakesniff": {
		"sounds": [
			"music/rakesniff"
		]
	},
	"music.rakestatic": {
		"sounds": [
			"music/rakestatic"
		]
	},
	"music.robloxhorror": {
		"sounds": [
			"music/robloxhorror"
		]
	},
	"music.rakespotted": {
		"sounds": [
			"music/rakespotted"
		]
	},
	"music.rakechase": {
		"sounds": [
			"music/rakechase"
		]
	},
	"music.interbad": {
		"sounds": [
			"music/interbad"
		]
	},
	"music.bunkeralarm": {
		"sounds": [
			"music/bunkeralarm"
		]
	},
	"music.bumpinthenight": {
		"sounds": [
			"music/bumpinthenight"
		]
	},
	"music.heavypowerdown": {
		"sounds": [
			"music/heavypowerdown"
		]
	},
	"music.heavypowerup": {
		"sounds": [
			"music/heavypowerup"
		]
	},
	"music.rake096loop": {
		"sounds": [
			"music/rake096loop"
		]
	},
	"music.rakekillblood2": {
		"sounds": [
			"music/rakekillblood2"
		]
	},
	"music.garykipling1": {
		"sounds": [
			"music/garykipling1"
		]
	},
	"music.rakeplane": {
		"sounds": [
			"music/rakeplane"
		]
	},
	"music.rakebloodhourmsg": {
		"sounds": [
			"music/rakebloodhourmsg"
		]
	},
	"music.lighthouseonline": {
		"sounds": [
			"music/lighthouseonline"
		]
	},
	"music.lighthouseoffline": {
		"sounds": [
			"music/lighthouseoffline"
		]
	},
	"music.rakesurvived": {
		"sounds": [
			"music/rakesurvived"
		]
	}
}