{
	"credit": "Made with Blockbench",
	"texture_size": [32, 32],
	"textures": {
		"1": "./flashlight"
	},
	"elements": [
		{
			"name": "hexadecagon",
			"from": [2.5, 0, 7.60218],
			"to": [4.5, 4, 8.39782],
			"rotation": {"angle": 45, "axis": "x", "origin": [4, 2, 8]},
			"faces": {
				"north": {"uv": [9, 5, 10, 7], "texture": "#1"},
				"east": {"uv": [11, 7, 11.5, 9], "texture": "#1"},
				"south": {"uv": [9, 7, 10, 9], "texture": "#1"},
				"west": {"uv": [9, 11, 9.5, 13], "texture": "#1"},
				"up": {"uv": [11, 12.5, 10, 12], "texture": "#1"},
				"down": {"uv": [12, 12, 11, 12.5], "texture": "#1"}
			}
		},
		{
			"name": "hexadecagon",
			"from": [2.5, 1.60218, 6],
			"to": [4.5, 2.39782, 10],
			"rotation": {"angle": -22.5, "axis": "x", "origin": [4, 2, 8]},
			"faces": {
				"north": {"uv": [12, 12, 13, 12.5], "texture": "#1"},
				"east": {"uv": [11, 9, 13, 9.5], "texture": "#1"},
				"south": {"uv": [0, 12.5, 1, 13], "texture": "#1"},
				"west": {"uv": [9.5, 11, 11.5, 11.5], "texture": "#1"},
				"up": {"uv": [10, 11, 9, 9], "texture": "#1"},
				"down": {"uv": [1, 9.5, 0, 11.5], "texture": "#1"}
			}
		},
		{
			"name": "hexadecagon",
			"from": [2.5, 1.60218, 6],
			"to": [4.5, 2.39782, 10],
			"rotation": {"angle": 0, "axis": "y", "origin": [4, 2, 8]},
			"faces": {
				"north": {"uv": [1, 12.5, 2, 13], "texture": "#1"},
				"east": {"uv": [11, 9.5, 13, 10], "texture": "#1"},
				"south": {"uv": [2, 12.5, 3, 13], "texture": "#1"},
				"west": {"uv": [11, 10, 13, 10.5], "texture": "#1"},
				"up": {"uv": [2, 11.5, 1, 9.5], "texture": "#1"},
				"down": {"uv": [3, 9.5, 2, 11.5], "texture": "#1"}
			}
		},
		{
			"name": "hexadecagon",
			"from": [2.5, 1.60218, 6],
			"to": [4.5, 2.39782, 10],
			"rotation": {"angle": 22.5, "axis": "x", "origin": [4, 2, 8]},
			"faces": {
				"north": {"uv": [3, 12.5, 4, 13], "texture": "#1"},
				"east": {"uv": [11, 10.5, 13, 11], "texture": "#1"},
				"south": {"uv": [4, 12.5, 5, 13], "texture": "#1"},
				"west": {"uv": [0, 11.5, 2, 12], "texture": "#1"},
				"up": {"uv": [4, 11.5, 3, 9.5], "texture": "#1"},
				"down": {"uv": [5, 9.5, 4, 11.5], "texture": "#1"}
			}
		},
		{
			"name": "hexadecagon",
			"from": [2.5, 1.60218, 6],
			"to": [4.5, 2.39782, 10],
			"rotation": {"angle": 45, "axis": "x", "origin": [4, 2, 8]},
			"faces": {
				"north": {"uv": [5, 12.5, 6, 13], "texture": "#1"},
				"east": {"uv": [2, 11.5, 4, 12], "texture": "#1"},
				"south": {"uv": [12.5, 5, 13.5, 5.5], "texture": "#1"},
				"west": {"uv": [4, 11.5, 6, 12], "texture": "#1"},
				"up": {"uv": [6, 11.5, 5, 9.5], "texture": "#1"},
				"down": {"uv": [7, 9.5, 6, 11.5], "texture": "#1"}
			}
		},
		{
			"name": "hexadecagon",
			"from": [2.5, 0, 7.60218],
			"to": [4.5, 4, 8.39782],
			"rotation": {"angle": -22.5, "axis": "x", "origin": [4, 2, 8]},
			"faces": {
				"north": {"uv": [7, 9.5, 8, 11.5], "texture": "#1"},
				"east": {"uv": [6, 11.5, 6.5, 13.5], "texture": "#1"},
				"south": {"uv": [8, 9.5, 9, 11.5], "texture": "#1"},
				"west": {"uv": [6.5, 11.5, 7, 13.5], "texture": "#1"},
				"up": {"uv": [13.5, 6, 12.5, 5.5], "texture": "#1"},
				"down": {"uv": [13.5, 6, 12.5, 6.5], "texture": "#1"}
			}
		},
		{
			"name": "hexadecagon",
			"from": [2.5, 0, 7.60218],
			"to": [4.5, 4, 8.39782],
			"rotation": {"angle": 0, "axis": "y", "origin": [4, 2, 8]},
			"faces": {
				"north": {"uv": [10, 5, 11, 7], "texture": "#1"},
				"east": {"uv": [7, 11.5, 7.5, 13.5], "texture": "#1"},
				"south": {"uv": [10, 7, 11, 9], "texture": "#1"},
				"west": {"uv": [11.5, 7, 12, 9], "texture": "#1"},
				"up": {"uv": [13.5, 7, 12.5, 6.5], "texture": "#1"},
				"down": {"uv": [13.5, 7, 12.5, 7.5], "texture": "#1"}
			}
		},
		{
			"name": "hexadecagon",
			"from": [2.5, 0, 7.60218],
			"to": [4.5, 4, 8.39782],
			"rotation": {"angle": 22.5, "axis": "x", "origin": [4, 2, 8]},
			"faces": {
				"north": {"uv": [10, 9, 11, 11], "texture": "#1"},
				"east": {"uv": [7.5, 11.5, 8, 13.5], "texture": "#1"},
				"south": {"uv": [11, 5, 12, 7], "texture": "#1"},
				"west": {"uv": [8, 11.5, 8.5, 13.5], "texture": "#1"},
				"up": {"uv": [13.5, 8, 12.5, 7.5], "texture": "#1"},
				"down": {"uv": [13.5, 8, 12.5, 8.5], "texture": "#1"}
			}
		},
		{
			"name": "hexadecagon",
			"from": [4.5, 1.80109, 7],
			"to": [13.5, 2.19891, 9],
			"rotation": {"angle": -45, "axis": "x", "origin": [5, 2, 8]},
			"faces": {
				"north": {"uv": [0, 8, 4.5, 8.5], "texture": "#1"},
				"east": {"uv": [9.5, 11.5, 10.5, 12], "texture": "#1"},
				"south": {"uv": [4.5, 8, 9, 8.5], "texture": "#1"},
				"west": {"uv": [10.5, 11.5, 11.5, 12], "texture": "#1"},
				"up": {"uv": [4.5, 1, 0, 0], "texture": "#1"},
				"down": {"uv": [4.5, 1, 0, 2], "texture": "#1"}
			}
		},
		{
			"name": "hexadecagon",
			"from": [4.5, 1.80109, 7],
			"to": [13.5, 2.19891, 9],
			"rotation": {"angle": -22.5, "axis": "x", "origin": [5, 2, 8]},
			"faces": {
				"north": {"uv": [0, 8.5, 4.5, 9], "texture": "#1"},
				"east": {"uv": [11.5, 11, 12.5, 11.5], "texture": "#1"},
				"south": {"uv": [4.5, 8.5, 9, 9], "texture": "#1"},
				"west": {"uv": [11.5, 11.5, 12.5, 12], "texture": "#1"},
				"up": {"uv": [4.5, 3, 0, 2], "texture": "#1"},
				"down": {"uv": [4.5, 3, 0, 4], "texture": "#1"}
			}
		},
		{
			"name": "hexadecagon",
			"from": [4.5, 1.80109, 7],
			"to": [13.5, 2.19891, 9],
			"rotation": {"angle": 0, "axis": "y", "origin": [5, 2, 8]},
			"faces": {
				"north": {"uv": [0, 9, 4.5, 9.5], "texture": "#1"},
				"east": {"uv": [0, 12, 1, 12.5], "texture": "#1"},
				"south": {"uv": [9, 0, 13.5, 0.5], "texture": "#1"},
				"west": {"uv": [1, 12, 2, 12.5], "texture": "#1"},
				"up": {"uv": [4.5, 5, 0, 4], "texture": "#1"},
				"down": {"uv": [9, 0, 4.5, 1], "texture": "#1"}
			}
		},
		{
			"name": "hexadecagon",
			"from": [4.5, 1.80109, 7],
			"to": [13.5, 2.19891, 9],
			"rotation": {"angle": 22.5, "axis": "x", "origin": [5, 2, 8]},
			"faces": {
				"north": {"uv": [9, 0.5, 13.5, 1], "texture": "#1"},
				"east": {"uv": [2, 12, 3, 12.5], "texture": "#1"},
				"south": {"uv": [9, 1, 13.5, 1.5], "texture": "#1"},
				"west": {"uv": [3, 12, 4, 12.5], "texture": "#1"},
				"up": {"uv": [9, 2, 4.5, 1], "texture": "#1"},
				"down": {"uv": [9, 2, 4.5, 3], "texture": "#1"}
			}
		},
		{
			"name": "hexadecagon",
			"from": [4.5, 1.80109, 7],
			"to": [13.5, 2.19891, 9],
			"rotation": {"angle": 45, "axis": "x", "origin": [5, 2, 8]},
			"faces": {
				"north": {"uv": [9, 1.5, 13.5, 2], "texture": "#1"},
				"east": {"uv": [4, 12, 5, 12.5], "texture": "#1"},
				"south": {"uv": [9, 2, 13.5, 2.5], "texture": "#1"},
				"west": {"uv": [5, 12, 6, 12.5], "texture": "#1"},
				"up": {"uv": [9, 4, 4.5, 3], "texture": "#1"},
				"down": {"uv": [9, 4, 4.5, 5], "texture": "#1"}
			}
		},
		{
			"name": "hexadecagon",
			"from": [4.5, 1, 7.80109],
			"to": [13.5, 3, 8.19891],
			"rotation": {"angle": -22.5, "axis": "x", "origin": [5, 2, 8]},
			"faces": {
				"north": {"uv": [0, 5, 4.5, 6], "texture": "#1"},
				"east": {"uv": [8.5, 11.5, 9, 12.5], "texture": "#1"},
				"south": {"uv": [4.5, 5, 9, 6], "texture": "#1"},
				"west": {"uv": [12, 5, 12.5, 6], "texture": "#1"},
				"up": {"uv": [13.5, 3, 9, 2.5], "texture": "#1"},
				"down": {"uv": [13.5, 3, 9, 3.5], "texture": "#1"}
			}
		},
		{
			"name": "hexadecagon",
			"from": [4.5, 1, 7.80109],
			"to": [13.5, 3, 8.19891],
			"rotation": {"angle": 0, "axis": "y", "origin": [5, 2, 8]},
			"faces": {
				"north": {"uv": [0, 6, 4.5, 7], "texture": "#1"},
				"east": {"uv": [12, 6, 12.5, 7], "texture": "#1"},
				"south": {"uv": [4.5, 6, 9, 7], "texture": "#1"},
				"west": {"uv": [12, 7, 12.5, 8], "texture": "#1"},
				"up": {"uv": [13.5, 4, 9, 3.5], "texture": "#1"},
				"down": {"uv": [13.5, 4, 9, 4.5], "texture": "#1"}
			}
		},
		{
			"name": "hexadecagon",
			"from": [4.5, 1, 7.80109],
			"to": [13.5, 3, 8.19891],
			"rotation": {"angle": 22.5, "axis": "x", "origin": [5, 2, 8]},
			"faces": {
				"north": {"uv": [0, 7, 4.5, 8], "texture": "#1"},
				"east": {"uv": [12, 8, 12.5, 9], "texture": "#1"},
				"south": {"uv": [4.5, 7, 9, 8], "texture": "#1"},
				"west": {"uv": [9.5, 12, 10, 13], "texture": "#1"},
				"up": {"uv": [9, 9.5, 4.5, 9], "texture": "#1"},
				"down": {"uv": [13.5, 4.5, 9, 5], "texture": "#1"}
			}
		}
	],
	"display": {
		"thirdperson_righthand": {
			"rotation": [0, 0, -90],
			"translation": [6, -1, 0]
		},
		"thirdperson_lefthand": {
			"rotation": [-3.19, 22.48, 93.87],
			"translation": [-5.25, -1.5, 2.75]
		},
		"firstperson_righthand": {
			"rotation": [0, -90, 0],
			"translation": [0.25, 7.5, 0.75]
		},
		"firstperson_lefthand": {
			"rotation": [0, 83.75, 0],
			"translation": [0, 5.75, 0]
		},
		"ground": {
			"translation": [0, 4.75, 0]
		},
		"gui": {
			"rotation": [-35, 50, 0],
			"translation": [0.5, 4.75, 0]
		},
		"head": {
			"rotation": [0, -90, 0],
			"translation": [0, 3.25, -1.75]
		},
		"fixed": {
			"rotation": [180, -20.25, 180],
			"translation": [0, -3.75, -16],
			"scale": [1.5, 1.5, 1.6]
		}
	},
	"groups": [
		{
			"name": "hexadecagon",
			"origin": [8, 8, 8],
			"color": 0,
			"children": [0, 1, 2, 3, 4, 5, 6, 7]
		},
		{
			"name": "hexadecagon",
			"origin": [8, 8, 8],
			"color": 0,
			"children": [8, 9, 10, 11, 12, 13, 14, 15]
		}
	]
}